MM10000805,1010100001
MM10000777,1010100002
MM10001560,1010100004
MM10000803,1010100005
MM10000237,1010100006
MM10000352,1010100007
MM10000253,1010100008
MM10001084,1010100009
MM10001085,1010100010
MM10001330,1010100011
MM10000113,1010100013
MM10000133,1010100015
MM10000575,1010100017
MM10001088,1010100018
MM10000700,1010100020
MM10000554,1010100021
MM10001392,1010100023
MM10000569,1010100025
MM10001331,1010100026
MM10000896,1010100027
MM10000568,1010100028
MM10000938,1010100029
MM10000634,1010100030
MM10000383,1010100032
MM10000563,1010100033
MM10000565,1010100035
MM10001553,1010100036
MM10001411,1010100037
MM10000136,1010100039
MM10000364,1010100040
MM10000915,1010100041
MM10000121,1010100042
MM10000117,1010100043
MM10000184,1010100044
MM10000391,1010100045
MM10000356,1010100046
MM10000562,1010100047
MM10000260,1010100048
MM10000632,1010100049
MM10000723,1010100050
MM10000329,1010100051
MM10001439,1010100052
MM10001340,1010100053
MM10000636,1010100054
MM10000362,1010100055
MM10000724,1010100056
MM10000552,1010100057
MM10000695,1010100058
MM10000109,1010100059
MM10001424,1010100060
MM10000302,1010100061
MM10000697,1010100063
MM10000639,1010100064
MM10000259,1010100065
MM10001554,1010100067
MM10000357,1010100067
MM10000729,1010100068
MM10001456,1010100069
MM10000561,1010100070
MM10000359,1010100071
MM10000123,1010100073
MM10000393,1010100074
MM10000351,1010100075
MM10000106,1010100077
MM10000298,1010100078
MM10000314,1010100079
MM10000779,1010100080
MM10000998,1010100081
MM10000898,1010100084
MM10000774,1010100085
MM10000728,1010100086
MM10000185,1010100087
MM10000186,1010100088
MM10000564,1010100089
MM10000895,1010100090
MM10000577,1010100091
MM10000255,1010100092
MM10000353,1010100093
MM10000102,1010100094
MM10000129,1010100095
MM10000385,1010100096
MM10000320,1010100097
MM10000557,1010100098
MM10000119,1010100099
MM10000640,1010100101
MM10000722,1010100102
MM10000188,1010100103
MM10000189,1010100104
MM10000238,1010100105
MM10000576,1010100106
MM10000365,1010100107
MM10000566,1010100108
MM10001413,1010100109
MM10001332,1010100110
MM10001490,1010100111
MM10001437,1010100112
MM10000694,1010100113
MM10001508,1010100114
MM10001342,1010100115
MM10000132,1010100116
MM10000894,1010100117
MM10000291,1010100118
MM10001600,1010100119
MM10000693,1010100120
MM10001324,1010100121
MM10000134,1010100123
MM10000935,1010100124
MM10000370,1010100125
MM10000103,1010100126
MM10000313,1010100127
MM10000315,1010100128
MM10000366,1010100129
MM10000727,1010100130
MM10000869,1010100131
MM10000725,1010100132
MM10000628,1010100133
MM10000426,1010100134
MM10000452,1010100135
MM10001562,1010100136
MM10000296,1010100137
MM10000250,1010100138
MM10000913,1010100139
MM10000394,1010100140
MM10000510,1010100141
MM10001539,1010100142
MM10001244,1010100143
MM10000282,1010100144
MM10000630,1010100145
MM10001571,1010100146
MM10001579,1010100148
MM10000601,1010100149
MM10000418,1010100150
MM10000992,1010100151
MM10000504,1010100152
MM10001236,1010100153
MM10000621,1010100154
MM10001246,1010100155
MM10000923,1010100156
MM10000974,1010100157
MM10001273,1010100158
MM10001269,1010100159
MM10000965,1010100160
MM10000978,1010100161
MM10000904,1010100162
MM10001224,1010100163
MM10001257,1010100164
MM10001294,1010100165
MM10001238,1010100166
MM10000988,1010100167
MM10000973,1010100168
MM10001575,1010100169
MM10001569,1010100170
MM10000527,1010100171
MM10001263,1010100172
MM10000993,1010100173
MM10000423,1010100174
MM10001524,1010100175
MM10001276,1010100176
MM10001227,1010100177
MM10001535,1010100178
MM10000969,1010100179
MM10000629,1010100180
MM10001250,1010100181
MM10001514,1010100182
MM10000110,1010100183
MM10000637,1010100184
MM10001296,1010100185
MM10001559,1010100185
MM10001559,1010100185
MM10001559,1010100185
MM10000970,1010100186
MM10001234,1010100187
MM10001582,1010100188
MM10001511,1010100189
MM10001241,1010100190
MM10001585,1010100191
MM10000986,1010100192
MM10000623,1010100193
MM10001254,1010100194
MM10001243,1010100195
MM10000507,1010100196
MM10001580,1010100197
MM10000535,1010100198
MM10000971,1010100199
MM10000501,1010100200
MM10001295,1010100201
MM10000961,1010100202
MM10000983,1010100203
MM10000962,1010100204
MM10001233,1010100205
MM10000526,1010100206
MM10001538,1010100207
MM10000868,1010100208
MM10001240,1010100209
MM10001590,1010100210
MM10000616,1010100211
MM10000618,1010100212
MM10001216,1010100213
MM10000905,1010100214
MM10001271,1010100216
MM10001266,1010100217
MM10001261,1010100218
MM10000989,1010100220
MM10000981,1010100221
MM10000996,1010100222
MM10001213,1010100223
MM10001518,1010100225
MM10000902,1010100227
MM10000925,1010100228
MM10001516,1010100229
MM10001223,1010100230
MM10000608,1010100231
MM10001577,1010100232
MM10000987,1010100233
MM10000525,1010100234
MM10001275,1010100235
MM10001278,1010100236
MM10001561,1010100237
MM10000926,1010100238
MM10000422,1010100239
MM10000610,1010100240
MM10001000,1010100241
MM10001540,1010100242
MM10001220,1010100243
MM10001519,1010100244
MM10001625,1010100245
MM10001132,1010100246
MM10001123,1010100247
MM10001397,1010100248
MM10001609,1010100249
MM10001131,1010100250
MM10001493,1010100251
MM10001489,1010100252
MM10001626,1010100253
MM10000271,1010100254
MM10001165,1010100255
MM10001416,1010100256
MM10001447,1010100257
MM10001373,1010100258
MM10000833,1010100259
MM10000400,1010100260
MM10001316,1010100262
MM10001150,1010100263
MM10001371,1010100264
MM10001430,1010100265
MM10001429,1010100266
MM10000222,1010100267
MM10000409,1010100268
MM10001134,1010100269
MM10001649,1010100270
MM10001135,1010100271
MM10001647,1010100272
MM10000795,1010100273
MM10001311,1010100274
MM10001137,1010100275
MM10000297,1010100276
MM10001114,1010100277
MM10001623,1010100278
MM10001143,1010100280
MM10001630,1010100280
MM10001155,1010100280
MM10001382,1010100281
MM10001400,1010100282
MM10000764,1010100283
MM10001345,1010100284
MM10001629,1010100285
MM10001378,1010100286
MM10000757,1010100287
MM10000115,1010100288
MM10000175,1010100289
MM10000415,1010100290
MM10001149,1010100291
MM10001632,1010100292
MM10001158,1010100293
MM10001370,1010100294
MM10001304,1010100295
MM10000715,1010100297
MM10000635,1010100298
MM10000390,1010100299
MM10000402,1010100300
MM10000645,1010100301
MM10000173,1010100302
MM10000456,1010100303
MM10000180,1010100304
MM10000490,1010100305
MM10001634,1010100306
MM10000482,1010100307
MM10000459,1010100308
MM10001502,1010100309
MM10000890,1010100310
MM10000143,1010100311
MM10000411,1010100312
MM10000223,1010100313
MM10000717,1010100314
MM10000190,1010100315
MM10000309,1010100316
MM10001167,1010100317
MM10000937,1010100318
MM10001383,1010100319
MM10000395,1010100320
MM10000454,1010100321
MM10000479,1010100322
MM10001335,1010100323
MM10000678,1010100324
MM10001475,1010100325
MM10000382,1010100327
MM10000886,1010100328
MM10001302,1010100329
MM10000663,1010100330
MM10001187,1010100331
MM10001443,1010100332
MM10000149,1010100333
MM10000334,1010100334
MM10000682,1010100335
MM10000480,1010100336
MM10000348,1010100337
MM10001641,1010100338
MM10000946,1010100339
MM10000590,1010100340
MM10000294,1010100341
MM10000416,1010100342
MM10000483,1010100343
MM10001643,1010100344
MM10000713,1010100345
MM10001185,1010100346
MM10000228,1010100347
MM10001599,1010100348
MM10001125,1010100349
MM10000446,1010100350
MM10000520,1010100351
MM10000308,1010100352
MM10000384,1010100353
MM10000599,1010100354
MM10000952,1010100355
MM10000667,1010100356
MM10000932,1010100357
MM10000339,1010100358
MM10000471,1010100359
MM10000345,1010100360
MM10000531,1010100361
MM10000746,1010100362
MM10000884,1010100364
MM10000953,1010100365
MM10000346,1010100367
MM10000164,1010100368
MM10000165,1010100369
MM10000827,1010100370
MM10000467,1010100371
MM10000877,1010100372
MM10000586,1010100373
MM10000142,1010100374
MM10000945,1010100375
MM10000955,1010100376
MM10000517,1010100377
MM10000600,1010100378
MM10000465,1010100379
MM10000588,1010100380
MM10000731,1010100381
MM10000755,1010100382
MM10000413,1010100383
MM10001597,1010100384
MM10000201,1010100385
MM10000444,1010100386
MM10000744,1010100387
MM10000825,1010100387
MM10000815,1010100387
MM10000674,1010100388
MM10000379,1010100389
MM10000443,1010100390
MM10001177,1010100391
MM10000816,1010100392
MM10000876,1010100393
MM10001544,1010100394
MM10000268,1010100396
MM10000386,1010100397
MM10000849,1010100398
MM10000162,1010100399
MM10000131,1010100400
MM10000812,1010100401
MM10000534,1010100402
MM10000823,1010100403
MM10001591,1010100404
MM10000734,1010100405
MM10001509,1010100406
MM10000287,1010100407
MM10000539,1010100409
MM10000140,1010100410
MM10001110,1010100411
MM10000406,1010100412
MM10000791,1010100413
MM10000514,1010100414
MM10001365,1010100415
MM10001491,1010100416
MM10001635,1010100417
MM10000720,1010100418
MM10001390,1010100419
MM10000592,1010100420
MM10001116,1010100421
MM10001101,1010100422
MM10000538,1010100423
MM10000516,1010100424
MM10000594,1010100425
MM10000478,1010100426
MM10000585,1010100427
MM10000879,1010100428
MM10000654,1010100429
MM10000875,1010100430
MM10000951,1010100431
MM10000664,1010100433
MM10001633,1010100434
MM10000290,1010100435
MM10000665,1010100436
MM10000916,1010100437
MM10000814,1010100437
MM10001621,1010100438
MM10000474,1010100439
MM10000758,1010100440
MM10001645,1010100441
MM10000349,1010100442
MM10000111,1010100443
MM10000306,1010100444
MM10000226,1010100445
MM10001550,1010100446
MM10001547,1010100447
MM10000934,1010100448
MM10000738,1010100449
MM10000468,1010100450
MM10000587,1010100451
MM10000826,1010100452
MM10000494,1010100453
MM10000158,1010100454
MM10000336,1010100455
MM10001179,1010100456
MM10000739,1010100457
MM10000829,1010100458
MM10001541,1010100459
MM10000300,1010100460
MM10000750,1010100461
MM10000736,1010100462
MM10001646,1010100463
MM10001642,1010100464
MM10000659,1010100465
MM10000145,1010100466
MM10000116,1010100467
MM10000234,1010100470
MM10000692,1010100471
MM10001546,1010100472
MM10001130,1010100473
MM10001172,1010100474
MM10000660,1010100475
MM10000878,1010100476
MM10000871,1010100477
MM10000943,1010100478
MM10000732,1010100479
MM10000285,1010100480
MM10001596,1010100481
MM10001593,1010100482
MM10000419,1010100483
MM10000669,1010100484
MM10000954,1010100485
MM10000156,1010100486
MM10001498,1010100487
MM10001486,1010100488
MM10000845,1010100489
MM10000846,1010100490
MM10000461,1010100491
MM10000936,1010100492
MM10001367,1010100493
MM10000437,1010100494
MM10001648,1010100495
MM10001637,1010100496
MM10001118,1010100497
MM10000401,1010100498
MM10000821,1010100499
MM10000500,1010100500
MM10000533,1010100501
MM10000775,1010100502
MM10000721,1010100503
MM10000135,1010100504
MM10001142,1010100505
MM10001119,1010100506
MM10000176,1010100507
MM10001496,1010100508
MM10000716,1010100509
MM10000668,1010100511
MM10000685,1010100512
MM10000532,1010100513
MM10001128,1010100514
MM10001171,1010100515
MM10000210,1010100515
MM10000207,1010100516
MM10000941,1010100517
MM10000679,1010100518
MM10000360,1010100519
MM10000497,1010100520
MM10001594,1010100521
MM10000749,1010100522
MM10000947,1010100523
MM10000820,1010100524
MM10000583,1010100525
MM10000347,1010100526
MM10000582,1010100527
MM10000756,1010100528
MM10000281,1010100529
MM10000882,1010100530
MM10000841,1010100531
MM10000388,1010100532
MM10000381,1010100533
MM10001598,1010100534
MM10000745,1010100536
MM10001129,1010100537
MM10000288,1010100538
MM10000355,1010100539
MM10000650,1010100540
MM10000155,1010100541
MM10001168,1010100542
MM10000295,1010100543
MM10000166,1010100544
MM10000138,1010100545
MM10000202,1010100546
MM10000828,1010100549
MM10000326,1010100550
MM10000753,1010100551
MM10000676,1010100552
MM10000469,1010100553
MM10000495,1010100554
MM10000933,1010100555
MM10000743,1010100556
MM10000824,1010100557
MM10000842,1010100558
MM10000101,1010100559
MM10000304,1010100560
MM10000453,1010100561
MM10000545,1010100562
MM10001474,1010100563
MM10000265,1010100564
MM10001174,1010100565
MM10000280,1010100566
MM10000167,1010100567
MM10000740,1010100568
MM10000137,1010100569
MM10000236,1010100570
MM10000208,1010100571
MM10000431,1010100572
MM10000195,1010100573
MM10000328,1010100574
MM10001113,1010100575
MM10000800,1010100576
MM10001145,1010100577
MM10000217,1010100579
MM10001111,1010100580
MM10001376,1010100581
MM10001606,1010100582
MM10001115,1010100583
MM10001399,1010100584
MM10001388,1010100585
MM10001428,1010100586
MM10001394,1010100587
MM10001458,1010100588
MM10000104,1010100589
MM10001369,1010100591
MM10001628,1010100592
MM10000892,1010100593
MM10000647,1010100594
MM10000445,1010100595
MM10001460,1010100596
MM10001306,1010100597
MM10001426,1010100598
MM10001478,1010100599
MM10001481,1010100600
MM10001102,1010100601
MM10001472,1010100602
MM10001488,1010100603
MM10000797,1010100603
MM10000855,1010100604
MM10000229,1010100604
MM10000275,1010100605
MM10000542,1010100606
MM10001152,1010100607
MM10000147,1010100608
MM10001127,1010100609
MM10000230,1010100610
MM10001312,1010100611
MM10001147,1010100612
MM10000498,1010100613
MM10001368,1010100614
MM10001379,1010100615
MM10001380,1010100616
MM10001375,1010100617
MM10001339,1010100618
MM10001450,1010100618
MM10001337,1010100618
MM10001363,1010100618
MM10000799,1010100619
MM10001389,1010100620
MM10001163,1010100621
MM10001350,1010100622
MM10001603,1010100623
MM10001138,1010100624
MM10001500,1010100625
MM10000761,1010100627
MM10000874,1010100628
MM10000880,1010100629
MM10000541,1010100630
MM10000836,1010100631
MM10000598,1010100632
MM10001607,1010100633
MM10000741,1010100634
MM10000408,1010100635
MM10000662,1010100636
MM10000376,1010100637
MM10001549,1010100638
MM10000272,1010100639
MM10000641,1010100640
MM10000489,1010100641
MM10000344,1010100642
MM10000733,1010100643
MM10000931,1010100644
MM10001343,1010100645
MM10000548,1010100646
MM10000146,1010100647
MM10000687,1010100648
MM10000219,1010100649
MM10000853,1010100650
MM10001109,1010100651
MM10000691,1010100652
MM10000808,1010100653
MM10001505,1010100654
MM10001315,1010100655
MM10000859,1010100659
MM10000172,1010100660
MM10000712,1010100661
MM10000680,1010100662
MM10000883,1010100663
MM10000196,1010100664
MM10000378,1010100665
MM10000174,1010100666
MM10001341,1010100667
MM10001492,1010100668
MM10001604,1010100669
MM10001631,1010100670
MM10000199,1010100671
MM10001614,1010100672
MM10001321,1010100673
MM10001170,1010100674
MM10001611,1010100676
MM10001393,1010100677
MM10001317,1010100678
MM10001313,1010100679
MM10001140,1010100680
MM10001139,1010100681
MM10001319,1010100682
MM10001395,1010100683
MM10001608,1010100683
MM10001103,1010100684
MM10000513,1010100685
MM10001301,1010100686
MM10001495,1010100687
MM10000289,1010100688
MM10001169,1010100690
MM10001410,1010100691
MM10001446,1010100692
MM10001416,1010100692
MM10001480,1010100693
MM10001325,1010100693
MM10001361,1010100693
MM10001338,1010100694
MM10001385,1010100695
MM10001366,1010100696
MM10000257,1010100697
MM10000213,1010100698
MM10000850,1010100699
MM10000848,1010100700
MM10000719,1010100701
MM10000944,1010100702
MM10000462,1010100702
MM10001548,1010100703
MM10000220,1010100704
MM10000958,1010100705
MM10000675,1010100706
MM10000458,1010100707
MM10000591,1010100708
MM10000661,1010100709
MM10000151,1010100710
MM10000656,1010100711
MM10000748,1010100712
MM10000547,1010100713
MM10000860,1010100714
MM10000122,1010100715
MM10000492,1010100716
MM10000767,1010100717
MM10000885,1010100718
MM10000307,1010100719
MM10000707,1010100720
MM10000844,1010100721
MM10000332,1010100722
MM10000831,1010100723
MM10000705,1010100724
MM10000141,1010100725
MM10000593,1010100726
MM10000881,1010100727
MM10000666,1010100728
MM10000889,1010100729
MM10000792,1010100730
MM10000475,1010100731
MM10000683,1010100732
MM10000711,1010100733
MM10000673,1010100734
MM10001543,1010100736
MM10000677,1010100737
MM10001613,1010100738
MM10000303,1010100739
MM10000735,1010100740
MM10000852,1010100741
MM10001154,1010100742
MM10000771,1010100744
MM10000301,1010100745
MM10000754,1010100746
MM10000194,1010100747
MM10000179,1010100748
MM10000702,1010100749
MM10000706,1010100750
MM10000737,1010100751
MM10001542,1010100752
MM10001176,1010100753
MM10001133,1010100754
MM10000830,1010100755
MM10000742,1010100756
MM10000584,1010100757
MM10001164,1010100759
MM10001487,1010100760
MM10000863,1010100761
MM10000917,1010100762
MM10000438,1010100763
MM10001351,1010100764
MM10000311,1010100765
MM10000864,1010100766
MM10001193,1010100767
MM10001195,1010100768
MM10000794,1010100769
MM10001326,1010100770
MM10001622,1010100771
MM10001421,1010100772
MM10000790,1010100773
MM10000766,1010100774
MM10000919,1010100776
MM10000919,1010100776
MM10000948,1010100777
MM10000950,1010100778
MM10001482,1010100779
MM10001503,1010100781
MM10000369,1010100782
MM10001355,1010100783
MM10000770,1010100784
MM10000573,1010100785
MM10000804,1010100786
MM10001356,1010100787
MM10000246,1010100788
MM10000862,1010100790
MM10000243,1010100791
MM10000893,1010100792
MM10001344,1010100793
MM10001359,1010100794
MM10000435,1010100795
MM10001160,1010100796
MM10000574,1010100797
MM10000778,1010100798
MM10000511,1010100799
MM10000473,1010100800
MM10001558,1010100801
MM10000170,1010100802
MM10000114,1010100803
MM10001605,1010100804
MM10001440,1010100805
MM10001483,1010100806
MM10001357,1010100807
MM10000887,1010100808
MM10001196,1010100809
MM10001504,1010100810
MM10000397,1010100811
MM10000126,1010100812
MM10001494,1010100813
MM10001194,1010100814
MM10000337,1010100815
MM10000340,1010100816
MM10001328,1010100817
MM10001454,1010100818
MM10001191,1010100819
MM10001199,1010100820
MM10001136,1010100821
MM10001499,1010100822
MM10001198,1010100823
MM10001197,1010100824
MM10000865,1010100825
MM10000242,1010100825
MM10001333,1010100826
MM10000776,1010100827
MM10000920,1010100828
MM10001310,1010100829
MM10000571,1010100830
MM10001449,1010100831
MM10001346,1010100832
MM10001435,1010100833
MM10001162,1010100834
MM10001423,1010100835
MM10001425,1010100836
MM10001477,1010100837
MM10001485,1010100838
MM10001473,1010100840
MM10001166,1010100841
MM10001484,1010100842
MM10001309,1010100843
MM10000861,1010100844
MM10001161,1010100845
MM10001104,1010100846
MM10000832,1010100847
MM10000331,1010100848
MM10000769,1010100849
MM10000714,1010100850
MM10000703,1010100851
MM10000197,1010100852
MM10001476,1010100853
MM10001448,1010100854
MM10001497,1010100855
MM10000318,1010100857
MM10000389,1010100858
MM10001200,1010100859
MM10001192,1010100860
MM10001153,1010100861
MM10001348,1010100862
MM10001436,1010100863
MM10001353,1010100864
MM10000684,1010100865
MM10001452,1010100866
MM10001422,1010100867
MM10001433,1010100868
MM10000436,1010100871
MM10000870,1010100872
MM10000807,1010100874
MM10001434,1010100875
MM10000558,1010100876
MM10000316,1010100877
MM10000144,1010100878
MM10001444,1010100879
MM10001451,1010100880
MM10001349,1010100881
MM10001445,1010100882
MM10000310,1010100883
MM10001112,1010100884
MM10001453,1010100885
MM10001506,1010100886
MM10000838,1010100888
MM10000918,1010100889
MM10000900,1010100890
MM10001322,1010100891
MM10000806,1010100892
MM10001362,1010100893
MM10000312,1010100894
MM10000317,1010100895
MM10000559,1010100896
MM10001360,1010100897
MM10000867,1010100898
MM10001352,1010100899
MM10001323,1010100900
MM10000120,1010100901
MM10000897,1010100902
MM10000399,1010100903
MM10000638,1010100904
MM10001644,1010100905
MM10001334,1010100907
MM10001354,1010100908
MM10000873,1010100909
MM10001545,1010100910
MM10001327,1010100911
MM10000698,1010100912
MM10000325,1010100913
MM10001602,1010100914
MM10001418,1010100915
MM10000949,1010100916
MM10001231,1010100917
MM10000529,1010100918
MM10001537,1010100919
MM10001270,1010100920
MM10000505,1010100921
MM10000762,1010100922
MM10001214,1010100923
MM10001520,1010100924
MM10000984,1010100925
MM10000617,1010100926
MM10000506,1010100927
MM10001566,1010100928
MM10001586,1010100929
MM10000686,1010100930
MM10000982,1010100931
MM10001239,1010100932
MM10001515,1010100933
MM10000502,1010100934
MM10001528,1010100936
MM10001565,1010100937
MM10001251,1010100938
MM10001347,1010100939
MM10001374,1010100940
MM10000270,1010100941
MM10001230,1010100942
MM10001274,1010100943
MM10001262,1010100944
MM10000906,1010100945
MM10000872,1010100946
MM10000515,1010100947
MM10001264,1010100948
MM10001581,1010100949
MM10001567,1010100950
MM10000843,1010100951
MM10000928,1010100952
MM10000975,1010100953
MM10001282,1010100954
MM10001288,1010100956
MM10001512,1010100958
MM10000523,1010100959
MM10000924,1010100962
MM10000503,1010100963
MM10001527,1010100964
MM10000626,1010100965
MM10001298,1010100966
MM10000508,1010100967
MM10001438,1010100968
MM10000528,1010100969
MM10001222,1010100970
MM10000609,1010100971
MM10000428,1010100972
MM10000991,1010100973
MM10001572,1010100974
MM10001277,1010100975
MM10001229,1010100976
MM10000580,1010100977
MM10001247,1010100979
MM10001248,1010100980
MM10000977,1010100981
MM10000772,1010100982
MM10000509,1010100983
MM10001290,1010100984
MM10000909,1010100985
MM10000430,1010100986
MM10001522,1010100987
MM10001589,1010100988
MM10001293,1010100989
MM10000605,1010100990
MM10000607,1010100991
MM10000995,1010100992
MM10001583,1010100993
MM10000611,1010100994
MM10000930,1010100995
MM10001218,1010100996
MM10001525,1010100997
MM10000990,1010100998
MM10001513,1010100999
MM10000606,1010101000
MM10000927,1010101001
MM10001280,1010101002
MM10001219,1010101003
MM10000985,1010101004
MM10000908,1010101005
MM10001265,1010101006
MM10001225,1010101007
MM10001587,1010101008
MM10001283,1010101009
MM10001284,1010101010
MM10000169,1010101011
MM10001228,1010101012
MM10001212,1010101013
MM10001530,1010101014
MM10000619,1010101015
MM10000604,1010101016
MM10001536,1010101017
MM10000530,1010101018
MM10000910,1010101019
MM10000903,1010101020
MM10001297,1010101021
MM10001272,1010101022
MM10001588,1010101023
MM10001232,1010101024
MM10001242,1010101025
MM10000613,1010101026
MM10000427,1010101027
MM10001521,1010101028
MM10001221,1010101029
MM10000522,1010101030
MM10001183,1010101031
MM10001291,1010101032
MM10000929,1010101033
MM10000966,1010101034
MM10001299,1010101035
MM10001574,1010101036
MM10000622,1010101037
MM10001249,1010101038
MM10000963,1010101039
MM10000614,1010101040
MM10000999,1010101041
MM10000972,1010101042
MM10000603,1010101043
MM10001523,1010101044
MM10001235,1010101045
MM10001531,1010101046
MM10001258,1010101047
MM10001584,1010101048
MM10000979,1010101049
MM10001517,1010101050
MM10000901,1010101051
MM10001576,1010101052
MM10001526,1010101053
MM10001285,1010101054
MM10001563,1010101055
MM10001252,1010101056
MM10000153,1010101057
MM10000627,1010101058
MM10000524,1010101059
MM10001215,1010101060
MM10001568,1010101061
MM10001431,1010101062
MM10000612,1010101063
MM10000921,1010101064
MM10001259,1010101065
MM10000625,1010101066
MM10001184,1010101067
MM10000653,1010101067
MM10001226,1010101068
MM10001573,1010101070
MM10000997,1010101071
MM10000980,1010101072
MM10001255,1010101073
MM10000421,1010101074
MM10000620,1010101075
MM10000424,1010101076
MM10001217,1010101077
MM10001292,1010101078
MM10001268,1010101079
MM10001578,1010101080
MM10000922,1010101081
MM10000335,1010101082
MM10000602,1010101083
MM10000994,1010101084
MM10001384,1010101085
MM10000429,1010101086
MM10001267,1010101087
MM10000404,1010101088
MM10001529,1010101089
MM10001286,1010101091
MM10001532,1010101092
MM10001533,1010101093
MM10001279,1010101094
MM10001564,1010101095
MM10001237,1010101096
MM10000968,1010101097
MM10001260,1010101098
MM10001256,1010101099
MM10001287,1010101100
MM10001286,1010101101
MM10001281,1010101101
MM10000342,1010101102
MM10000157,1010101103
MM10000942,1010101104
MM10000305,1010101105
MM10001122,1010101106
MM10000218,1010101107
MM10000651,1010101108
MM10000209,1010101109
MM10000657,1010101110
MM10000488,1010101111
MM10001180,1010101112
MM10000550,1010101113
MM10000801,1010101114
MM10000373,1010101115
MM10000216,1010101116
MM10000224,1010101117
MM10001377,1010101118
MM10000681,1010101119
MM10000148,1010101120
MM10000249,1010101121
MM10000481,1010101122
MM10000193,1010101123
MM10000476,1010101124
MM10000330,1010101125
MM10000420,1010101126
MM10001308,1010101127
MM10001618,1010101128
MM10000403,1010101129
MM10000888,1010101130
MM10000837,1010101131
MM10000341,1010101132
MM10001190,1010101133
MM10000432,1010101134
MM10000811,1010101135
MM10000817,1010101136
MM10000751,1010101137
MM10000405,1010101138
MM10001617,1010101139
MM10001189,1010101140
MM10000813,1010101141
MM10000939,1010101142
MM10000847,1010101143
MM10000536,1010101144
MM10000496,1010101145
MM10000433,1010101146
MM10000759,1010101147
MM10000818,1010101148
MM10001151,1010101149
MM10001320,1010101150
MM10001144,1010101151
MM10000333,1010101151
MM10000670,1010101152
MM10001372,1010101153
MM10000652,1010101154
MM10001120,1010101155
MM10000671,1010101156
MM10001181,1010101157
MM10001381,1010101158
MM10001305,1010101159
MM10001186,1010101160
MM10001640,1010101161
MM10000377,1010101162
MM10001121,1010101163
MM10000273,1010101164
MM10001106,1010101165
MM10000206,1010101166
MM10000203,1010101167
MM10000451,1010101168
MM10000460,1010101169
MM10001178,1010101170
MM10000960,1010101171
MM10000537,1010101172
MM10001175,1010101173
MM10000658,1010101174
MM10000350,1010101174
MM10000596,1010101175
MM10001159,1010101176
MM10000486,1010101177
MM10001534,1010101178
MM10001245,1010101179
MM10001300,1010101180
MM10001570,1010101182
MM10001253,1010101183
MM10000701,1010101184
MM10000277,1010101185
MM10000760,1010101186
MM10000747,1010101187
MM10000212,1010101188
MM10000689,1010101189
MM10000631,1010101190
MM10001417,1010101191
MM10000688,1010101192
MM10000718,1010101193
MM10001612,1010101194
MM10000854,1010101195
MM10000690,1010101196
MM10000214,1010101197
MM10000796,1010101198
MM10000154,1010101199
MM10001105,1010101200
MM10000512,1010101201
MM10000227,1010101202
MM10000414,1010101202
MM10000646,1010101203
MM10000375,1010101204
MM10000672,1010101205
MM10000361,1010101206
MM10000407,1010101207
MM10000710,1010101208
MM10000168,1010101209
MM10000440,1010101210
MM10000819,1010101211
MM10000549,1010101212
MM10000940,1010101213
MM10001650,1010101214
MM10001141,1010101215
MM10000159,1010101216
MM10000225,1010101217
MM10000643,1010101218
MM10001557,1010101220
MM10000633,1010101221
MM10000835,1010101222
MM10000455,1010101223
MM10001188,1010101224
MM10000374,1010101225
MM10000279,1010101226
MM10001124,1010101227
MM10000240,1010101228
MM10001107,1010101230
MM10001108,1010101231
MM10000284,1010101232
MM10000371,1010101233
MM10000464,1010101234
MM10000372,1010101236
MM10000704,1010101238
MM10001303,1010101239
MM10000822,1010101240
MM10000581,1010101241
MM10000485,1010101242
MM10001126,1010101243
MM10001146,1010101244
MM10000793,1010101245
MM10000163,1010101246
MM10000499,1010101247
MM10000597,1010101248
MM10001182,1010101249
MM10000124,1010101250
MM10001117,1010101251
MM10000521,1010101252
MM10000976,1010101253
MM10001211,1010101254
MM10001287,1010101255
MM10001210,1010101256
MM10000624,1010101257
MM10000907,1010101258
MM10000425,1010101259
MM10000160,1010101261
MM10000177,1010101264
MM10000211,1010101265
MM10001592,1010101266
MM10000472,1010101267
MM10000493,1010101268
MM10001639,1010101269
MM10000152,1010101271
MM10000283,1010101272
MM10000150,1010101273
MM10000544,1010101274
MM10000856,1010101275
MM10001329,1010101276
MM10000840,1010101277
MM10000198,1010101278
MM10000648,1010101279
MM10000543,1010101280
MM10000773,1010101281
MM10001636,1010101282
MM10001619,1010101283
MM10001441,1010101284
MM10000655,1010101285
MM10001616,1010101286
MM10000191,1010101287
MM10000410,1010101288
MM10000487,1010101289
MM10001307,1010101290
MM10001620,1010101292
MM10001615,1010101293
MM10000205,1010101294
MM10000204,1010101295
MM10000434,1010101296
MM10000439,1010101297
MM10001601,1010101298
MM10001364,1010101299
MM10000477,1010101300
MM10000699,1010101301
MM10000540,1010101302
MM10000367,1010101303
MM10001638,1010101304
MM10000412,1010101305
MM10000171,1010101305
MM10000726,1010101306
MM10000834,1010101307
MM10000457,1010101308
MM10000957,1010101309
MM10001627,1010101310
MM10001610,1010101311
MM10000286,1010101312
MM10000442,1010101313
MM10000343,1010101314
MM10000519,1010101315
MM10000470,1010101315
MM10000463,1010101316
MM10000380,1010101317
MM10000708,1010101318
MM10000417,1010101319
MM10000518,1010101320
MM10000448,1010101321
MM10000447,1010101322
MM10000491,1010101323
MM10000956,1010101324
MM10000752,1010101325
MM10001173,1010101326
MM10000450,1010101327
MM10000215,1010101328
MM10000221,1010101328
MM10000181,1010101329
MM10000851,1010101331
MM10000595,1010101332
MM10001442,1010101333
MM10000709,1010101334
MM10000589,1010101335
MM10000466,1010101336
MM10001556,1010101337
MM10000299,1010101338
MM10001157,1010101339
MM10000765,1010101340
MM10001420,1010101341
MM10001459,1010101342
MM10000768,1010101343
MM10000615,1010101344
MM10000964,1010101345
MM10001156,1010101346
MM10001387,1010101347
MM10000319,1010101348
MM10000324,1010101349
MM10001087,1010101350
MM10001083,1010101351
MM10001082,1010101352
MM10000161,1010101353
MM10000578,1010101354
MM10000891,1010101354
MM10000182,1010101355
MM10000959,1010101356
MM10000644,1010101357
MM10001427,1010101358
MM10000178,1010101359
MM10000231,1010101360
MM10000187,1010101361
MM10000441,1010101362
MM10000245,1010101363
MM10001089,1010101364
MM10000263,1010101365
MM10001501,1010101369
MM10000396,1010101370
MM10000232,1010101371
MM10001461,1010101372
MM10000269,1010101373
MM10000484,1010101374
MM10000642,1010101375
MM10001462,1010101376
MM10000858,1010101378
MM10000649,1010101379
MM10000911,1010101380
MM10000780,1010101381
MM10000105,1010101382
MM10000139,1010101383
MM10000321,1010101384
MM10000125,1010101385
MM10000358,1010101386
MM10000354,1010101387
MM10000556,1010101388
MM10000251,1010101389
MM10001414,1010101390
MM10001471,1010101391
MM10000387,1010101392
MM10000107,1010101393
MM10000322,1010101394
MM10000398,1010101395
MM10000551,1010101396
MM10000130,1010101397
MM10000363,1010101398
MM10000262,1010101399
MM10001391,1010101400
MM10001624,1010101401
MM10000264,1010101402
MM10000570,1010101403
MM10000274,1010101404
MM10000338,1010101405
MM10000323,1010101406
MM10000112,1010101407
MM10000192,1010101408
MM10001314,1010101409
MM10000449,1010101410
MM10000839,1010101411
MM10000763,1010101412
MM10001432,1010101413
MM10000235,1010101414
MM10000233,1010101415
MM10000967,1010101416
MM10001285,1010101417
MM10001510,1010101418
MM10000239,1010101419
MM10001455,1010101420
MM10000866,1010101421
MM10000292,1010101422
MM10001479,1010101423
MM10000241,1010101424
MM10000810,1010101425
MM10000266,1010101426
MM10001148,1010101428
MM10001386,1010101429
MM10000276,1010101430
MM10000278,1010101431
MM10001090,1010101432
MM10000899,1010101433
MM10000267,1010101434
MM10000553,1010101435
MM10000572,1010101436
MM10000914,1010101437
MM10000293,1010101439
MM10000802,1010101440
MM10000392,1010101441
MM10000567,1010101442
MM10000912,1010101444
MM10000200,1010101446
MM10000560,1010101447
MM10000108,1010101448
MM10000579,1010101449
MM10000183,1010101450
MM10000252,1010101451
MM10000256,1010101452
MM10000254,1010101453
MM10000258,1010101454
MM10000555,1010101455
MM10000247,1010101456
MM10001595,1010101457
MM10000696,1010101459
MM10000730,1010101460
MM10000127,1010101461
MM10000368,1010101462
MM10001412,1010101464
MM10001336,1010101465
MM10001415,1010101466
MM10001358,1010101467
MM10001419,1010101468
MM10000118,1010101469
MM10001507,1010101470
MM10001318,1010101471
MM10001396,1010101472
MM10000857,1010101473
MM10000546,1010101474
MM10000244,1010101475
MM10000809,1010101476
MM10000798,1010101477
MM10001398,1010101478
MM10000248,1010101479
MM10001457,1010101480
MM10000327,1010101481
MM10001081,1010101482
MM10001086,1010101483
MM10001280,1010101484
MM10001280,1010101484
MM10000261,1010101485
MM10001555,1010101486
MM10001552,1010101487
MM10001551,1010101488
MM1B20799.,1010200524
MM1B20351.,1010200740
MM1B20909.,1010200257
MM1B20697.,1010200970
MM1B20994.,1010200935
MM1B20959.,1010200069
MM1B20763.,1010200762
MM1B20355.,1010200172
MM1B20908.,1010200236
MM1B21100.,1010200777
MM1B20999.,1010200605
MM1B20655.,1010200869
MM1B20715.,1010200510
MM1B20356.,1010200285
MM1B20319.,1010200490
MM1B20545.,1010200764
MM1B20243.,1010200208
MM1B20993.,1010200792
MM1B20958.,1010200971
MM1B20444.,1010200811
MM1B20689.,1010200965
MM1B20690.,1010200981
MM1B21099.,1010200775
MM1B20694.,1010200633
MM1B20907.,1010200797
MM1B20695.,1010200311
MM1B20957.,1010200786
MM1B20992.,1010200771
MM1B20960.,1010200491
MM1B20767.,1010200779
MM1B20385.,1010200725
MM1B20696.,1010200054
MM1B20912.,1010200052
MM1B20875.,1010200057
MM1B20445.,1010200559
MM1B20775.,1010200182
MM1B20839.,1010200476
MM1B20357.,1010200961
MM1B20681.,1010200381
MM1B20687.,1010200951
MM1B20963.,1010200532
MM1B20679.,1010200937
MM1B20673.,1010200454
MM1B20684.,1010200124
MM1B20676.,1010200864
MM1B20991.,1010200508
MM1B21098.,1010200430
MM1B20386.,1010200635
MM1B20682.,1010200945
MM1B20823.,1010200616
MM1B20668.,1010200366
MM1B20685.,1010200451
MM1B20320.,1010200824
MM1B20021.,1010200495
MM1B20022.,1010200458
MM1B20023.,1010200376
MM1B20024.,1010200289
MM1B20028.,1010200330
MM1B20027.,1010200333
MM1B20026.,1010200339
MM1B20025.,1010200347
MM1B20047.,1010200795
MM1B20050.,1010200288
MM1B20046.,1010200305
MM1B20049.,1010200352
MM1B20042.,1010200983
MM1B20041.,1010200265
MM1B20064.,1010200356
MM1B20093.,1010200371
MM1B20068.,1010200393
MM1B20097.,1010200383
MM1B20073.,1010200604
MM1B20063.,1010200377
MM1B20077.,1010200272
MM1B20061.,1010200357
MM1B20095.,1010200242
MM1B20069.,1010200803
MM1B20074.,1010200939
MM1B20075.,1010200218
MM1B20100.,1010200316
MM1B20072.,1010200631
MM1B20071.,1010200148
MM1B20078.,1010200556
MM1B20070.,1010200049
MM1B20076.,1010200572
MM1B20080.,1010200602
MM1B20098.,1010200154
MM1B20096.,1010200487
MM1B20091.,1010200574
MM1B20067.,1010200448
MM1B20062.,1010200485
MM1B20065.,1010200585
MM1B20079.,1010200205
MM1B20048.,1010200468
MM1B20066.,1010200462
MM1B20092.,1010200260
MM1B20220.,1010200400
MM1B20211.,1010200275
MM1B20212.,1010200128
MM1B20213.,1010200340
MM1B20214.,1010200263
MM1B20215.,1010200407
MM1B20216.,1010200429
MM1B20677.,1010200889
MM1B20001.,1010200438
MM1B20683.,1010200662
MM1B20001.,1010200438
MM1B20358.,1010200050
MM1B20688.,1010200481
MM1B21097.,1010200134
MM1B20002.,1010200567
MM1B20672.,1010200364
MM1B20674.,1010200910
MM1B20321.,1010200902
MM1B20003.,1010200609
MM1B20686.,1010200629
MM1B20720.,1010200457
MM1B20387.,1010200060
MM1B20678.,1010200627
MM1B20004.,1010200138
MM1B20667.,1010200463
MM1B20675.,1010200743
MM1B20005.,1010200153
MM1B20990.,1010200541
MM1B20006.,1010200590
MM1B20840.,1010200596
MM1B20711.,1010200588
MM1B20007.,1010200199
MM1B21096.,1010200893
MM1B20951.,1010200384
MM1B20322.,1010200432
MM1B20008.,1010200573
MM1B20009.,1010200418
MM1B20010.,1010200466
MM1B20359.,1010200067
MM1B21095.,1010200075
MM1B20011.,1010200496
MM1B20388.,1010200422
MM1B20012.,1010200440
MM1B20671.,1010200317
MM1B20446.,1010200598
MM1B20013.,1010200470
MM1B20666.,1010200032
MM1B20323.,1010200806
MM1B20014.,1010200472
MM1B20670.,1010200767
MM1B20389.,1010200661
MM1B20573.,1010200650
MM1B20015.,1010200452
MM1B20962.,1010200600
MM1B20546.,1010200742
MM1B20016.,1010200587
MM1B20547.,1010200853
MM1B21094.,1010200467
MM1B20017.,1010200017
MM1B20191.,1010200161
MM1B20574.,1010200858
MM1B20018.,1010200720
MM1B20192.,1010200419
MM1B20019.,1010200717
MM1B20193.,1010200030
MM1B20020.,1010200174
MM1B20194.,1010200848
MM1B20324.,1010200135
MM1B20029.,1010200195
MM1B20195.,1010200927
MM1B21093.,1010200354
MM1B20030.,1010200564
MM1B20196.,1010200503
MM1B20031.,1010200525
MM1B20575.,1010200226
MM1B20032.,1010200582
MM1B20033.,1010200497
MM1B20197.,1010200501
MM1B20034.,1010200019
MM1B20986.,1010200757
MM1B20035.,1010200531
MM1B20669.,1010200147
MM1B20036.,1010200150
MM1B20198.,1010200782
MM1B20325.,1010200442
MM1B20037.,1010200749
MM1B20199.,1010200580
MM1B20038.,1010200202
MM1B20944.,1010200220
MM1B20039.,1010200794
MM1B20390.,1010200643
MM1B20040.,1010200125
MM1B20200.,1010200040
MM1B20043.,1010200015
MM1B20044.,1010200942
MM1B20045.,1010200105
MM1B20201.,1010200094
MM1B20724.,1010200652
MM1B20576.,1010200106
MM1B20054.,1010200213
MM1B20055.,1010200685
MM1B20056.,1010200511
MM1B20985.,1010200941
MM1B20202.,1010200112
MM1B20664.,1010200198
MM1B20391.,1010200335
MM1B20057.,1010200755
MM1B20447.,1010200849
MM1B20058.,1010200566
MM1B20665.,1010200700
MM1B20577.,1010200897
MM1B20059.,1010200584
MM1B20768.,1010200660
MM1B20203.,1010200316
MM1B20060.,1010200606
MM1B20548.,1010200259
MM1B20204.,1010200975
MM1B20967.,1010200137
MM1B20101.,1010200020
MM1B20719.,1010200632
MM1B20205.,1010200589
MM1B20793.,1010200535
MM1B20578.,1010200870
MM1B20082.,1010200498
MM1B20722.,1010200043
MM1B20360.,1010200444
MM1B20083.,1010200426
MM1B20841.,1010200620
MM1B20326.,1010200943
MM1B20206.,1010200711
MM1B20084.,1010200684
MM1B20085.,1010200544
MM1B20392.,1010200593
MM1B20086.,0000000000
MM1B20824.,1010200563
MM1B20913.,1010200914
MM1B20984.,1010200821
MM1B20792.,1010200924
MM1B20207.,1010200543
MM1B20087.,1010200410
MM1B20579.,1010200625
MM1B20089.,1010200649
MM1B21092.,1010200334
MM1B20361.,1010200932
MM1B20972.,1010200701
MM1B20802.,1010200028
MM1B20758.,1010200389
MM1B20208.,1010200933
MM1B20714.,1010200413
MM1B20090.,1010200142
MM1B20327.,1010200856
MM1B20094.,1010200517
MM1B20549.,1010200891
MM1B20209.,1010200243
MM1B20730.,1010200188
MM1B20968.,1010200984
MM1B20550.,1010200313
MM1B20580.,1010200298
MM1B20117.,1010200181
MM1B20825.,1010200437
MM1B20102.,1010200071
MM1B20956.,1010200386
MM1B20352.,1010200958
MM1B20086.,1010200045
MM1B20989.,1010200063
MM1B20328.,1010200571
MM1B20803.,1010200327
MM1B20717.,1010200714
MM1B20103.,1010200085
MM1B20798.,1010200528
MM1B20104.,1010200179
MM1B20680.,1010200160
MM1B20551.,1010200308
MM1B20111.,1010200156
MM1B21091.,1010200579
MM1B20210.,1010200405
MM1B20969.,1010200269
MM1B20329.,1010200687
MM1B20160.,1010200010
MM1B20362.,1010200747
MM1B20804.,1010200516
MM1B20217.,1010200232
MM1B20159.,1010200117
MM1B20552.,1010200129
MM1B20158.,1010200791
MM1B20801.,1010200805
MM1B20842.,1010200788
MM1B20914.,1010200107
MM1B20330.,1010200899
MM1B20915.,1010200206
MM1B20116.,1010200131
MM1B20553.,1010200374
MM1B20112.,1010200180
MM1B20113.,1010200423
MM1B20218.,1010200533
MM1B20751.,1010200369
MM1B20114.,1010200115
MM1B20916.,1010200395
MM1B20762.,1010200716
MM1B20219.,1010200295
MM1B20554.,1010200790
MM1B20917.,1010200773
MM1B21086.,1010200171
MM1B20555.,1010200626
MM1B20558.,1010200209
MM1B20221.,1010200169
MM1B20713.,1010200936
MM1B20557.,1010200885
MM1B20556.,1010200086
MM1B20331.,1010200709
MM1B20961.,1010200832
MM1B20115.,1010200427
MM1B20448.,1010200016
MM1B20122.,1010200434
MM1B20740.,1010200324
MM1B20559.,1010200844
MM1B20718.,1010200704
MM1B20118.,1010200599
MM1B20581.,1010200638
MM1B20582.,1010200831
MM1B20119.,1010200121
MM1B20826.,1010200713
MM1B20363.,1010200785
MM1B20560.,1010200455
MM1B20120.,1010200601
MM1B20583.,1010200212
MM1B20755.,1010200507
MM1B20121.,1010200436
MM1B20918.,1010200449
MM1B20876.,1010200880
MM1B20843.,1010200552
MM1B20081.,1010200059
MM1B20741.,1010200986
MM1B20977.,1010200338
MM1B20123.,1010200550
MM1B20450.,1010200144
MM1B20124.,1010200077
MM1B20561.,1010200170
MM1B20125.,1010200185
MM1B20728.,1010200104
MM1B20784.,1010200751
MM1B20950.,1010200322
MM1B20364.,1010200551
MM1B20919.,1010200359
MM1B20562.,1010200222
MM1B20844.,1010200973
MM1B20727.,1010200623
MM1B20805.,1010200730
MM1B20126.,1010200447
MM1B20779.,1010200273
MM1B20452.,1010200276
MM1B20563.,1010200365
MM1B20127.,1010200029
MM1B20222.,1010200055
MM1B20128.,1010200694
MM1B21087.,1010200041
MM1B20332.,1010200646
MM1B20920.,1010200534
MM1B20455.,1010200196
MM1B20129.,1010200167
MM1B20227.,1010200247
MM1B20733.,1010200640
MM1B20845.,1010200439
MM1B20584.,1010200114
MM1B20365.,1010200930
MM1B20130.,1010200679
MM1B20746.,1010200207
MM1B20451.,1010200253
MM1B20921.,1010200319
MM1B20226.,1010200082
MM1B20132.,1010200540
MM1B20757.,1010200877
MM1B20224.,1010200595
MM1B20232.,1010200336
MM1B20585.,1010200287
MM1B20564.,1010200252
MM1B20565.,1010200157
MM1B20131.,1010200801
MM1B20229.,1010200446
MM1B20237.,1010200163
MM1B20225.,1010200760
MM1B20155.,1010200123
MM1B20223.,1010200387
MM1B20231.,1010200120
MM1B20460.,1010200500
MM1B20586.,1010200881
MM1B20156.,1010200092
MM1B20228.,1010200575
MM1B20236.,1010200928
MM1B20157.,1010200073
MM1B20230.,1010200065
MM1B20732.,1010200758
MM1B21090.,1010200025
MM1B20461.,1010200096
MM1B20923.,1010200258
MM1B20161.,1010200671
MM1B20736.,1010200013
MM1B20233.,1010200648
MM1B20827.,1010200474
MM1B20902.,1010200416
MM1B20712.,1010200391
MM1B20922.,1010200888
MM1B20587.,1010200837
MM1B20924.,1010200037
MM1B20333.,1010200256
MM1B20162.,1010200023
MM1B20462.,1010200512
MM1B20234.,1010200799
MM1B20163.,1010200143
MM1B20739.,1010200641
MM1B20164.,1010200066
MM1B20731.,1010200459
MM1B20828.,1010200189
MM1B20165.,1010200109
MM1B20998.,1010200562
MM1B20588.,1010200240
MM1B20463.,1010200962
MM1B20456.,1010200948
MM1B20167.,1010200204
MM1B20929.,1010200348
MM1B20166.,1010200203
MM1B20464.,1010200957
MM1B20168.,1010200548
MM1B20786.,1010200843
MM1B20738.,1010200560
MM1B20169.,1010200478
MM1B20896.,1010200031
MM1B20709.,1010200977
MM1B20465.,1010200515
MM1B20170.,1010200173
MM1B20457.,1010200950
MM1B20235.,1010200688
MM1B20171.,1010200737
MM1B20806.,1010200360
MM1B20466.,1010200103
MM1B20925.,1010200210
MM1B20172.,1010200618
MM1B20785.,1010200804
MM1B20458.,1010200512
MM1B20742.,1010200565
MM1B20173.,1010200070
MM1B20589.,1010200818
MM1B20239.,1010200084
MM1B20174.,1010200133
MM1B20467.,1010200475
MM1B20459.,1010200523
MM1B20175.,1010200776
MM1B20926.,1010200184
MM1B20737.,1010200545
MM1B20176.,1010200610
MM1B20590.,1010200238
MM1B20955.,1010200789
MM1B20177.,1010200654
MM1B20895.,1010200130
MM1B20791.,1010200748
MM1B20807.,1010200624
MM1B20178.,1010200039
MM1B20238.,1010200035
MM1B20334.,1010200536
MM1B20988.,1010200886
MM1B20179.,1010200780
MM1B20353.,1010200450
MM1B20366.,1010200956
MM1B20180.,1010200549
MM1B20743.,1010200796
MM1B21089.,1010200026
MM1B20181.,1010200215
MM1B20937.,1010200723
MM1B20182.,1010200346
MM1B20829.,1010200221
MM1B20927.,1010200816
MM1B20471.,1010200900
MM1B20240.,1010200603
MM1B20335.,1010200332
MM1B20750.,1010200695
MM1B20183.,1010200279
MM1B20241.,1010200484
MM1B20453.,1010200302
MM1B20184.,1010200388
MM1B20790.,1010200118
MM1B20472.,1010200158
MM1B20468.,1010200857
MM1B20983.,1010200637
MM1B20185.,1010200155
MM1B20449.,1010200686
MM1B20454.,1010200456
MM1B20294.,1010200555
MM1B20367.,1010200592
MM1B20186.,1010200223
MM1B20336.,1010200110
MM1B20566.,1010200249
MM1B20469.,1010200099
MM1B20187.,1010200337
MM1B20473.,1010200554
MM1B20188.,1010200513
MM1B20749.,1010200934
MM1B21088.,1010200988
MM1B20949.,1010200835
MM1B20189.,1010200459
MM1B20982.,1010200277
MM1B20808.,1010200989
MM1B20894.,1010200915
MM1B20567.,1010200493
MM1B20830.,1010200728
MM1B20591.,1010200887
MM1B20190.,1010200402
MM1B20748.,1010200506
MM1B20470.,1010200168
MM1B20928.,1010200813
MM1B20368.,1010200586
MM1B20242.,1010200746
MM1B20337.,1010200255
MM1B20568.,1010200291
MM1B20754.,1010200146
MM1B20369.,1010200433
MM1B21085.,1010200116
MM1B20247.,1010200982
MM1B20809.,1010200712
MM1B20987.,1010200705
MM1B20930.,1010200815
MM1B20878.,1010200241
MM1B20544.,1010200668
MM1B20338.,1010200166
MM1B20354.,1010200710
MM1B20981.,1010200890
MM1B20744.,1010200159
MM1B20753.,1010200473
MM1B20246.,1010200509
MM1B20783.,1010200520
MM1B20810.,1010200282
MM1B20976.,1010200814
MM1B20932.,1010200231
MM1B20245.,1010200343
MM1B20734.,1010200095
MM1B20752.,1010200058
MM1B21084.,1010200670
MM1B20831.,1010200415
MM1B20943.,1010200390
MM1B20796.,1010200865
MM1B20592.,1010200879
MM1B20811.,1010200465
MM1B20931.,1010200401
MM1B20975.,1010200053
MM1B20244.,1010200394
MM1B20729.,1010200644
MM1B20789.,1010200689
MM1B20593.,1010200139
MM1B20747.,1010200546
MM1B21083.,1010200722
MM1B20980.,1010200080
MM1B20339.,1010200985
MM1B20594.,1010200667
MM1B20248.,1010200318
MM1B20766.,1010200088
MM1B20723.,1010200064
MM1B20893.,1010200953
MM1B20249.,1010200042
MM1B20979.,1010200615
MM1B20250.,1010200237
MM1B20340.,1010200538
MM1B20773.,1010200810
MM1B20569.,1010200380
MM1B20251.,1010200193
MM1B20255.,1010200219
MM1B20252.,1010200178
MM1B20257.,1010200187
MM1B20812.,1010200960
MM1B20595.,1010200875
MM1B20761.,1010200672
MM1B20256.,1010200530
MM1B20663.,1010200529
MM1B20254.,1010200494
MM1B20253.,1010200087
MM1B20258.,1010200949
MM1B20974.,1010200379
MM1B20259.,1010200577
MM1B20260.,1010200194
MM1B20596.,1010200919
MM1B20261.,1010200980
MM1B20262.,1010200100
MM1B20772.,1010200918
MM1B20263.,1010200611
MM1B20483.,1010200360
MM1B20264.,1010200946
MM1B20933.,1010200974
MM1B20265.,1010200460
MM1B20266.,1010200420
MM1B20370.,1010200634
MM1B20267.,1010200914
MM1B20268.,1010200651
MM1B20597.,1010200833
MM1B20269.,1010200920
MM1B20270.,1010200522
MM1B20271.,1010200038
MM1B20934.,1010200076
MM1B20935.,1010200894
MM1B20272.,1010200817
MM1B20273.,1010200947
MM1B20936.,1010200072
MM1B20274.,1010200518
MM1B20788.,1010200883
MM1B20745.,1010200732
MM1B20275.,1010200062
MM1B20276.,1010200770
MM1B20708.,1010200471
MM1B20277.,1010200613
MM1B20278.,1010200636
MM1B20847.,1010200852
MM1B20971.,1010200829
MM1B20484.,1010200399
MM1B20279.,1010200296
MM1B20371.,1010200443
MM1B20848.,1010200211
MM1B20485.,1010200863
MM1B20280.,1010200669
MM1B20281.,1010200101
MM1B20341.,1010200151
MM1B20282.,1010200403
MM1B20892.,1010200630
MM1B20486.,1010200729
MM1B20283.,1010200274
MM1B20284.,1010200972
MM1B20942.,1010200823
MM1B20285.,1010200966
MM1B20286.,1010200735
MM1B20571.,1010200798
MM1B20487.,1010200229
MM1B20287.,1010200469
MM1B20288.,1010200653
MM1B21000.,1010200802
MM1B20289.,1010200834
MM1B20290.,1010200097
MM1B20978.,1010200355
MM1B20291.,1010200482
MM1B20292.,1010200021
MM1B20293.,1010200836
MM1B20849.,1010200878
MM1B20295.,1010200901
MM1B20296.,1010200845
MM1B20488.,1010200488
MM1B20297.,1010200614
MM1B20298.,1010200090
MM1B20778.,1010200812
MM1B20342.,1010200527
MM1B20997.,1010200441
MM1B20299.,1010200640
MM1B20300.,1010200734
MM1B20489.,1010200283
MM1B20760.,1010200286
MM1B20372.,1010200675
MM1B20850.,1010200331
MM1B20301.,1010200368
MM1B20707.,1010200561
MM1B20302.,1010200594
MM1B20303.,1010200955
MM1B21082.,1010200741
MM1B20343.,1010200774
MM1B20304.,1010200051
MM1B20305.,1010200406
MM1B20306.,1010200733
MM1B20307.,1010200987
MM1B20598.,1010200783
MM1B20490.,1010200959
MM1B20308.,1010200739
MM1B20782.,1010200370
MM1B20897.,1010200483
MM1B20966.,1010200239
MM1B20832.,1010200214
MM1B20309.,1010200721
MM1B20765.,1010200018
MM1B20310.,1010200329
MM1B20373.,1010200164
MM1B20311.,1010200607
MM1B20312.,1010200250
MM1B20313.,1010200761
MM1B20377.,1010200321
MM1B20494.,1010200940
MM1B20314.,1010200923
MM1B20948.,1010200866
MM1B20315.,1010200576
MM1B20344.,1010200428
MM1B20599.,1010200192
MM1B20813.,1010200954
MM1B20495.,1010200235
MM1B20901.,1010200553
MM1B20900.,1010200526
MM1B20881.,1010200297
MM1B20756.,1010200944
MM1B20710.,1010200597
MM1B21081.,1010200225
MM1B20899.,1010200645
MM1B20498.,1010200244
MM1B20345.,1010200772
MM1B20499.,1010200261
MM1B20491.,1010200162
MM1B20500.,1010200867
MM1B20851.,1010200917
MM1B20572.,1010200278
MM1B20662.,1010200787
MM1B20735.,1010200351
MM1B20600.,1010200665
MM1B20501.,1010200186
MM1B20601.,1010200827
MM1B20492.,1010200361
MM1B20502.,1010200046
MM1B20346.,1010200061
MM1B20503.,1010200807
MM1B20493.,1010200872
MM1B20882.,1010200912
MM1B20771.,1010200759
MM1B20879.,1010200666
MM1B20316.,1010200691
MM1B20716.,1010200718
MM1B20855.,1010200825
MM1B20898.,1010200152
MM1B20854.,1010200822
MM1B20852.,1010200363
MM1B20374.,1010200312
MM1B20833.,1010200414
MM1B20347.,1010200692
MM1B20903.,1010200502
MM1B20764.,1010200197
MM1B20317.,1010200808
MM1B20996.,1010200111
MM1B20504.,1010200304
MM1B20602.,1010200871
MM1B20853.,1010200119
MM1B20856.,1010200358
MM1B20795.,1010200694
MM1B20496.,1010200677
MM1B20505.,1010200678
MM1B20995.,1010200612
MM1B20348.,1010200967
MM1B20970.,1010200591
MM1B20857.,1010200268
MM1B20570.,1010200375
MM1B20497.,1010200301
MM1B20375.,1010200127
MM1B20858.,1010200756
MM1B20883.,1010200557
MM1B20880.,1010200262
MM1B20814.,1010200385
MM1B20506.,1010200619
MM1B20965.,1010200727
MM1B20777.,1010200898
MM1B20759.,1010200034
MM1B20859.,1010200217
MM1B20507.,1010200819
MM1B20349.,1010200608
MM1B20603.,1010200200
MM1B20508.,1010200817
MM1B20787.,1010200800
MM1B20509.,1010200372
MM1B20770.,1010200707
MM1B20376.,1010200765
MM1B20973.,1010200938
MM1B20702.,1010200583
MM1B20884.,1010200681
MM1B20350.,1010200504
MM1B20797.,1010200492
MM1B20706.,1010200145
MM1B20510.,1010200820
MM1B20834.,1010200141
MM1B20776.,1010200132
MM1B20703.,1010200149
MM1B20318.,1010200044
MM1B20511.,1010200136
MM1B20941.,1010200558
MM1B20704.,1010200655
MM1B20906.,1010200435
MM1B20954.,1010200931
MM1B20835.,1010200431
MM1B20726.,1010200802
MM1B20860.,1010200964
MM1B20877.,1010200417
MM1B20888.,1010200079
MM1B20887.,1010200323
MM1B20815.,1010200036
MM1B20721.,1010200281
MM1B20604.,1010200093
MM1B20513.,1010200245
MM1B20698.,1010200680
MM1B20800.,1010200621
MM1B20905.,1010200362
MM1B20836.,1010200925
MM1B20705.,1010200320
MM1B20846.,1010200165
MM1B20378.,1010200349
MM1B20781.,1010200736
MM1B20725.,1010200499
MM1B20794.,1010200425
MM1B20515.,1010200696
MM1B20512.,1010200224
MM1B20606.,1010200014
MM1B20837.,1010200753
MM1B20769.,1010200271
MM1B20605.,1010200768
MM1B20699.,1010200479
MM1B20379.,1010200412
MM1B20946.,1010200642
MM1B20516.,1010200367
MM1B20700.,1010200909
MM1B20838.,1010200505
MM1B20816.,1010200750
MM1B20514.,1010200464
MM1B20607.,1010200315
MM1B20517.,1010200628
MM1B20904.,1010200792
MM1B20885.,1010200622
MM1B20953.,1010200284
MM1B20701.,1010200113
MM1B20940.,1010200408
MM1B20380.,1010200382
MM1B20774.,1010200706
MM1B20518.,1010200854
MM1B20608.,1010200842
MM1B20817.,1010200342
MM1B20945.,1010200397
MM1B20886.,1010200486
MM1B20381.,1010200699
MM1B20911.,1010200581
MM1B20947.,1010200480
MM1B20519.,1010200318
MM1B20609.,1010200024
MM1B20861.,1010200176
MM1B20939.,1010200731
MM1B20382.,1010200769
MM1B20862.,1010200754
MM1B20610.,1010200519
MM1B20818.,1010200784
MM1B20383.,1010200682
MM1B20952.,1010200658
MM1B20938.,1010200778
MM1B20384.,1010200578
MM1B20611.,1010200033
MM1B20863.,1010200489
MM1B20910.,1010200012
MM1B20819.,1010200047
MM1B20864.,1010200310
MM1B20520.,1010200542
MM1B20612.,1010200254
MM1B20865.,1010200392
MM1B20866.,1010200122
MM1B20620.,1010200048
MM1B20889.,1010200569
MM1B20820.,1010200314
MM1B20619.,1010200228
MM1B20621.,1010200860
MM1B20871.,1010200841
MM1B20521.,1010200108
MM1B20872.,1010200744
MM1B20873.,1010200766
MM1B20868.,1010200294
MM1B20867.,1010200673
MM1B20869.,1010200861
MM1B20870.,1010200702
MM1B20821.,1010200175
MM1B20964.,1010200299
MM1B20522.,1010200952
MM1B20891.,1010200826
MM1B20618.,1010200846
MM1B20613.,1010200089
MM1B20523.,1010200270
MM1B20822.,1010200514
MM1B20874.,1010200882
MM1B20524.,1010200793
MM1B20661.,1010200396
MM1B20622.,1010200190
MM1B20890.,1010200617
MM1B20657.,1010200404
MM1B20614.,1010200859
MM1B20660.,1010200183
MM1B20423.,1010200326
MM1B20525.,1010200537
MM1B20428.,1010200292
MM1B20526.,1010200724
MM1B20478.,1010200570
MM1B20527.,1010200892
MM1B20433.,1010200078
MM1B20438.,1010200697
MM1B20479.,1010200290
MM1B20480.,1010200539
MM1B20615.,1010200781
MM1B20481.,1010200344
MM1B20656.,1010200664
MM1B20482.,1010200521
MM1B20439.,1010200903
MM1B20477.,1010200421
MM1B20658.,1010200293
MM1B20475.,1010200719
MM1B20652.,1010200855
MM1B20476.,1010200353
MM1B20616.,1010200828
MM1B20623.,1010200851
MM1B20659.,1010200907
MM1B20624.,1010200177
MM1B20474.,1010200409
MM1B20434.,1010200341
MM1B20440.,1010200929
MM1B20617.,1010200350
MM1B20625.,1010200868
MM1B20441.,1010200850
MM1B20528.,1010200398
MM1B20626.,1010200913
MM1B20529.,1010200840
MM1B20627.,1010200690
MM1B20442.,1010200904
MM1B20628.,1010200884
MM1B20530.,1010200639
MM1B20443.,1010200022
MM1B20629.,1010200873
MM1B20531.,1010200328
MM1B20532.,1010200656
MM1B20630.,1010200862
MM1B20631.,1010200738
MM1B20632.,1010200126
MM1B20533.,1010200345
MM1B20633.,1010200248
MM1B20635.,1010200698
MM1B20636.,1010200517
MM1B20534.,1010200763
MM1B20637.,1010200708
MM1B20638.,1010200098
MM1B20634.,1010200693
MM1B20639.,1010200726
MM1B20535.,1010200011
MM1B20640.,1010200477
MM1B20641.,1010200847
MM1B20642.,1010200905
MM1B20643.,1010200453
MM1B20644.,1010200074
MM1B20645.,1010200838
MM1B20537.,1010200081
MM1B20538.,1010200234
MM1B20536.,1010200895
MM1B20539.,1010200703
MM1B20646.,1010200102
MM1B20540.,1010200267
MM1B20647.,1010200233
MM1B20648.,1010200280
MM1B20541.,1010200227
MM1B20649.,1010200306
MM1B20650.,1010200874
MM1B20651.,1010200309
MM1B20653.,1010200216
MM1B20654.,1010200830
MM1B20543.,1010200325
MM1B20542.,1010200300
MMTESTTEST,test
